{"cameraMode":{"drawMode":0,"name":"Shaded","section":"Shading Mode"},"sceneLighting":false,"audioPlay":false,"sceneViewState":{"showFog":true,"showMaterialUpdate":true,"showSkybox":false,"showFlares":true,"showImageEffects":true,"showParticleSystems":true},"in2DMode":false,"pivot":{"x":0.23328369855880738,"y":-0.25313836336135867,"z":-0.11097478866577149},"rotation":{"x":-0.08009878545999527,"y":-0.9180967211723328,"z":0.24256767332553864,"w":-0.3031155467033386},"size":1.6645699739456177,"orthographic":false}