{"cameraMode":{"drawMode":0,"name":"Shaded","section":"Shading Mode"},"sceneLighting":false,"audioPlay":false,"sceneViewState":{"showFog":true,"showMaterialUpdate":true,"showSkybox":false,"showFlares":true,"showImageEffects":true,"showParticleSystems":true},"in2DMode":false,"pivot":{"x":0.47819316387176516,"y":0.11484318971633911,"z":-0.37808477878570559},"rotation":{"x":0.10489413142204285,"y":-0.4058825671672821,"z":-0.04699047654867172,"w":-0.9066886901855469},"size":1.5000572204589844,"orthographic":false}