{"cameraMode":{"drawMode":0,"name":"Shaded","section":"Shading Mode"},"sceneLighting":false,"audioPlay":false,"sceneViewState":{"showFog":true,"showMaterialUpdate":true,"showSkybox":false,"showFlares":true,"showImageEffects":true,"showParticleSystems":true},"in2DMode":false,"pivot":{"x":-0.16784238815307618,"y":1.9984760284423829,"z":0.00018262863159179688},"rotation":{"x":0.07440197467803955,"y":-0.2102007120847702,"z":-0.016075465828180314,"w":-0.9747087955474854},"size":8.060384750366211,"orthographic":false}