{"cameraMode":{"drawMode":0,"name":"Shaded","section":"Shading Mode"},"sceneLighting":false,"audioPlay":false,"sceneViewState":{"showFog":true,"showMaterialUpdate":true,"showSkybox":false,"showFlares":true,"showImageEffects":true,"showParticleSystems":true},"in2DMode":false,"pivot":{"x":0.0,"y":1.590000033378601,"z":0.8399999737739563},"rotation":{"x":-0.0398084819316864,"y":-0.21942193806171418,"z":0.008932128548622132,"w":-0.974794864654541},"size":0.000057209443184547126,"orthographic":false}