{"cameraMode":{"drawMode":0,"name":"Shaded","section":"Shading Mode"},"sceneLighting":false,"audioPlay":false,"sceneViewState":{"showFog":true,"showMaterialUpdate":true,"showSkybox":false,"showFlares":true,"showImageEffects":true,"showParticleSystems":true},"in2DMode":false,"pivot":{"x":-0.07169210910797119,"y":0.07361377775669098,"z":0.03795337677001953},"rotation":{"x":-0.025272294878959657,"y":-0.20340991020202638,"z":0.005223511252552271,"w":-0.9787715077400208},"size":2.4592537879943849,"orthographic":false}