{"cameraMode":{"drawMode":0,"name":"Shaded","section":"Shading Mode"},"sceneLighting":false,"audioPlay":false,"sceneViewState":{"showFog":true,"showMaterialUpdate":true,"showSkybox":false,"showFlares":true,"showImageEffects":true,"showParticleSystems":true},"in2DMode":false,"pivot":{"x":-3.4413299560546877,"y":-6.405185699462891,"z":-1.870758056640625},"rotation":{"x":-0.133453369140625,"y":-0.20448824763298036,"z":0.02812555432319641,"w":-0.9693396687507629},"size":120.18632507324219,"orthographic":false}