{"cameraMode":{"drawMode":0,"name":"Shaded","section":"Shading Mode"},"sceneLighting":false,"audioPlay":false,"sceneViewState":{"showFog":true,"showMaterialUpdate":true,"showSkybox":false,"showFlares":true,"showImageEffects":true,"showParticleSystems":true},"in2DMode":false,"pivot":{"x":-0.00002232196129625663,"y":1.0000275373458863,"z":0.00004443475336302072},"rotation":{"x":-0.0398084819316864,"y":-0.21942193806171418,"z":0.008932128548622132,"w":-0.974794864654541},"size":3.0483827590942385,"orthographic":false}