{"cameraMode":{"drawMode":0,"name":"Shaded","section":"Shading Mode"},"sceneLighting":false,"audioPlay":false,"sceneViewState":{"showFog":true,"showMaterialUpdate":true,"showSkybox":false,"showFlares":true,"showImageEffects":true,"showParticleSystems":true},"in2DMode":false,"pivot":{"x":0.0002499818801879883,"y":1.000249981880188,"z":0.0002499818801879883},"rotation":{"x":-0.0398084819316864,"y":-0.21942193806171418,"z":0.008932128548622132,"w":-0.974794864654541},"size":4.884409427642822,"orthographic":false}