{"cameraMode":{"drawMode":0,"name":"Shaded","section":"Shading Mode"},"sceneLighting":false,"audioPlay":false,"sceneViewState":{"showFog":true,"showMaterialUpdate":true,"showSkybox":false,"showFlares":true,"showImageEffects":true,"showParticleSystems":true},"in2DMode":false,"pivot":{"x":-0.05707496404647827,"y":0.042408108711242679,"z":-0.06678050756454468},"rotation":{"x":-0.06535911560058594,"y":-0.9338279366493225,"z":0.22734108567237855,"w":-0.2684137523174286},"size":1.2371792793273926,"orthographic":false}