{"cameraMode":{"drawMode":0,"name":"Shaded","section":"Shading Mode"},"sceneLighting":false,"audioPlay":false,"sceneViewState":{"showFog":true,"showMaterialUpdate":true,"showSkybox":false,"showFlares":true,"showImageEffects":true,"showParticleSystems":true},"in2DMode":false,"pivot":{"x":-0.9559040069580078,"y":0.30332067608833315,"z":0.07547274976968765},"rotation":{"x":-0.07729779183864594,"y":-0.9225861430168152,"z":0.258619099855423,"w":-0.27570194005966189},"size":1.582191824913025,"orthographic":false}