{"cameraMode":{"drawMode":0,"name":"Shaded","section":"Shading Mode"},"sceneLighting":false,"audioPlay":false,"sceneViewState":{"showFog":true,"showMaterialUpdate":true,"showSkybox":false,"showFlares":true,"showImageEffects":true,"showParticleSystems":true},"in2DMode":false,"pivot":{"x":0.000005447003786684945,"y":0.9999780058860779,"z":0.000006335481884889305},"rotation":{"x":-0.031042704358696939,"y":0.21626435220241548,"z":-0.006917091552168131,"w":-0.9758349657058716},"size":1.5000572204589844,"orthographic":false}