{"cameraMode":{"drawMode":0,"name":"Shaded","section":"Shading Mode"},"sceneLighting":false,"audioPlay":false,"sceneViewState":{"showFog":true,"showMaterialUpdate":true,"showSkybox":false,"showFlares":true,"showImageEffects":true,"showParticleSystems":true},"in2DMode":false,"pivot":{"x":-0.13312673568725587,"y":-0.1754755973815918,"z":-0.007537394762039185},"rotation":{"x":-0.2561102509498596,"y":-0.6089447140693665,"z":0.21698182821273805,"w":-0.7187128067016602},"size":2.9331417083740236,"orthographic":false}