{"cameraMode":{"drawMode":0,"name":"Shaded","section":"Shading Mode"},"sceneLighting":true,"audioPlay":false,"sceneViewState":{"showFog":true,"showMaterialUpdate":true,"showSkybox":true,"showFlares":true,"showImageEffects":true,"showParticleSystems":true},"in2DMode":false,"pivot":{"x":-3.809131622314453,"y":3.9852232933044435,"z":-7.067950248718262},"rotation":{"x":0.2521488666534424,"y":0.23265451192855836,"z":-0.06258236616849899,"w":0.9372411370277405},"size":2.9883739948272707,"orthographic":false}