{"cameraMode":{"drawMode":0,"name":"Shaded","section":"Shading Mode"},"sceneLighting":false,"audioPlay":false,"sceneViewState":{"showFog":true,"showMaterialUpdate":true,"showSkybox":false,"showFlares":true,"showImageEffects":true,"showParticleSystems":true},"in2DMode":false,"pivot":{"x":0.000009810393748921342,"y":-0.000014542948520102073,"z":-0.000009912579116644338},"rotation":{"x":-0.1604723483324051,"y":-0.33270391821861269,"z":0.05753621459007263,"w":-0.9275137186050415},"size":0.00005715767838410102,"orthographic":false}